class,采集时间,纵向变位平均值,纵向变位标准差,横向变位平均值,横向变位标准差
0,2021-05-04 00:00:00.000,-3.97302646467069,3.82438283227061,1.1599800067633015,3.4541795467958054
1,2021-05-04 00:10:00.000,0.7770980364341444,3.0909585669983426,1.6492641597069695,2.9128647227493505
2,2021-05-04 00:20:00.000,3.0746904917135343,4.467872961520602,3.4273652965037456,2.553951207684718
3,2021-05-04 00:30:00.000,0.013801747738256835,2.2798766060216797,-3.696263812976566,3.175842083253366
4,2021-05-04 00:40:00.000,2.3096938612447686,5.135037493333542,-10.692989983897276,2.7636638100013675
5,2021-05-04 00:50:00.000,2.121304390391159,3.1366353361654578,-8.550961368426668,2.8413890003373816
6,2021-05-04 01:00:00.000,6.711693126747763,2.63016217219702,-5.014028116807228,2.3910523162880915
7,2021-05-04 01:10:00.000,11.526784180279485,4.51046463338458,0.5756069633414704,4.924327394700505
8,2021-05-04 01:20:00.000,14.411676676326154,4.357964228856844,4.315354151540354,4.669184421280087
9,2021-05-04 01:30:00.000,10.015814805891079,3.020745085126455,4.2305659168327425,2.443186668906183
10,2021-05-04 01:40:00.000,7.900200901485702,2.5033118902033684,2.9048848530545017,4.462374852604276
11,2021-05-04 01:50:00.000,13.093955985674402,1.9776619914934643,2.622595980663575,1.6526288275576722
12,2021-05-04 02:00:00.000,11.277806690150497,4.5369602495044425,1.5398782796267956,2.2480775986184725
13,2021-05-04 02:10:00.000,12.987623665288634,1.9503364022602998,-2.586248763442998,2.312466430939504
14,2021-05-04 02:20:00.000,9.94078826278283,3.0280817367733377,-0.7844768042986585,1.8567934828081707
15,2021-05-04 02:30:00.000,7.840808999208945,3.8781409816218884,2.2026310643786426,1.7976977572897868
16,2021-05-04 02:40:00.000,3.9964827585751435,2.055786105642613,1.669745127396076,1.680181953137651
17,2021-05-04 02:50:00.000,5.133037038197095,3.4260903495855013,-1.0701048686299437,2.6477482576136566
18,2021-05-04 03:00:00.000,7.798892741225902,3.779039400675503,-0.4069723053077466,2.0189248516932596
19,2021-05-04 03:10:00.000,6.24152104463573,3.127861451797257,-4.59608799983653,2.3332093208117883
20,2021-05-04 03:20:00.000,3.2705905663230523,3.1190871112604377,-4.031846391461235,2.3549393673715624
21,2021-05-04 03:30:00.000,6.714312535009163,2.355615949329795,-4.589369727139561,2.340327742733879
22,2021-05-04 03:40:00.000,15.986223818967936,5.137436975287501,-1.0110440906359963,3.4289743117103924
23,2021-05-04 03:50:00.000,18.071451770124813,4.251449057396273,-5.60082607733262,1.8896190085155173
24,2021-05-04 04:00:00.000,8.687528308843603,5.008113741803878,-7.326545850721513,1.765542622045214
25,2021-05-04 04:10:00.000,15.538182346457639,2.31002833074784,-2.160406112172045,3.878957018370937
26,2021-05-04 04:20:00.000,9.75811259067105,2.8185397388631914,-6.009023423423631,2.0720578783036214
27,2021-05-04 04:30:00.000,21.33050712177289,3.2883559257770054,3.3075141429307062,3.8224614782601893
28,2021-05-04 04:40:00.000,23.073596011343113,4.176476822697839,8.214065388222407,2.7065805096096596
29,2021-05-04 04:50:00.000,21.543503082213828,1.8857918757187027,5.3408524907079356,2.1826157428180957
30,2021-05-04 05:00:00.000,18.58141538322231,3.042508053734929,3.540375495573802,1.8467716896189517
31,2021-05-04 05:10:00.000,20.439850552501888,2.462685192734391,2.4232079492395076,2.4374878597070646
32,2021-05-04 05:20:00.000,20.13984007373885,3.028814883120303,0.9546340478246973,2.3078637750456497
33,2021-05-04 05:30:00.000,18.214274130677243,2.813466747223114,2.891302244477389,1.712642157885511
34,2021-05-04 05:40:00.000,16.8118908630883,2.0654624466732145,0.6500115453180028,3.0838315408150048
35,2021-05-04 05:50:00.000,20.904716622854654,5.158121996302329,-2.526133622304922,2.1463600041838604
36,2021-05-04 06:00:00.000,25.80584032057901,1.7890306794854471,-1.8755069326938654,2.4448152771235496
37,2021-05-04 06:10:00.000,20.812440454129757,4.34093688602068,-0.0066692893059635844,1.747085217997068
38,2021-05-04 06:20:00.000,15.427678347409472,2.60374964456252,0.219961042037561,2.9847795299955506
39,2021-05-04 06:30:00.000,14.503172089249478,3.8365234340182055,2.786782742676438,2.4970614829319495
40,2021-05-04 06:40:00.000,20.89174514572196,2.7962211475567695,5.895010642963819,1.6301111709285465
41,2021-05-04 06:50:00.000,26.722788002497786,2.0532806107292325,4.256879351584876,2.5992814783116827
42,2021-05-04 07:00:00.000,27.576021109894427,6.445142293976974,7.240423724387299,1.9134771350613864
43,2021-05-04 07:10:00.000,31.00594887163822,4.71062871166106,7.072569771072017,1.8395314812477783
44,2021-05-04 07:20:00.000,23.35292722706462,3.52570713670434,8.734891587451761,3.2136936361178616
45,2021-05-04 07:30:00.000,19.32325852090394,2.3829273261699466,2.7045197478769953,2.469745634071149
46,2021-05-04 07:40:00.000,16.31129895118087,2.4100642610780483,1.673268459614424,2.260061000975722
47,2021-05-04 07:50:00.000,21.672875359726305,1.8553905083310687,2.5561435634821263,2.786731788702717
48,2021-05-04 08:00:00.000,25.519304280883528,1.6873396719252047,7.7015423639634095,2.776412287845281
49,2021-05-04 08:10:00.000,23.96142052354804,3.1707719380810055,4.468773058337235,2.462654393364929
50,2021-05-04 08:20:00.000,32.059983942873814,2.5038732467678315,6.635633895520739,2.598756558116981
51,2021-05-04 08:30:00.000,32.14926150911764,2.103730774280501,8.160177829343308,1.569977777020451
52,2021-05-04 08:40:00.000,29.261198609429755,1.9479771455745785,3.86625077084969,2.9765658069036482
53,2021-05-04 08:50:00.000,26.649048588718703,1.9251545859807682,3.119792413508625,1.4030315198636276
54,2021-05-04 09:00:00.000,27.384209264549185,1.6887099343254377,1.8248485228003286,3.021261813049753
55,2021-05-04 09:10:00.000,28.252980436433926,1.6680552285179602,6.057201603090706,2.7215155917760305
56,2021-05-04 09:20:00.000,30.41811046699085,4.637256343910001,5.439103694703653,2.294888620887429
57,2021-05-04 09:30:00.000,28.805237610828527,2.9359771134830317,3.8179742955428515,1.9596034265173208
58,2021-05-04 09:40:00.000,30.21645209256366,4.056936940547654,3.6990918346553427,1.606698287825483
59,2021-05-04 09:50:00.000,24.610360940732942,3.7466191743364785,0.8650828212874476,2.0794211621547087
60,2021-05-04 10:00:00.000,16.596367715852296,4.49840347637501,-1.8918033335588238,1.5805013545352977
61,2021-05-04 10:10:00.000,23.456287152977072,2.5575364906547122,-4.496723953396113,1.5371803072697379
62,2021-05-04 10:20:00.000,30.68555168098966,3.0900024208418984,0.3718534967037534,1.6618981740547347
63,2021-05-04 10:30:00.000,37.252428260716265,4.603650398227176,1.7328957956092237,2.499572776599739
64,2021-05-04 10:40:00.000,39.53218300175796,2.560321074350881,5.86027598637625,2.4166695286169606
65,2021-05-04 10:50:00.000,36.14407773984628,2.6450236863097865,5.851946619766198,2.7647753026039945
66,2021-05-04 11:00:00.000,30.31212359682888,2.1620874554138934,4.903155373877578,2.421554727484267
67,2021-05-04 11:10:00.000,35.13158706896082,2.8335475389275513,2.2383216860064183,2.2396638892762666
68,2021-05-04 11:20:00.000,33.82854502658667,3.5439935823289725,-0.9435546394307878,2.212280599956652
69,2021-05-04 11:30:00.000,26.733466771226507,2.892484788199386,-0.4103621860549556,2.7540400030023675
70,2021-05-04 11:40:00.000,22.06015835276471,4.12066833758418,0.560903611535789,2.1743137086563267
71,2021-05-04 11:50:00.000,17.191836842631997,4.419174118050138,1.2719786570170097,1.6220530982859003
72,2021-05-04 12:00:00.000,22.058800961212988,2.6779069508666007,1.6936994008580537,1.5827567350720502
73,2021-05-04 12:10:00.000,25.21570724721133,3.045619939535289,-0.28841543710467826,2.150398787204349
74,2021-05-04 12:20:00.000,26.159732697982243,2.235511841730851,4.969864580656662,1.382059708546567
75,2021-05-04 12:30:00.000,23.546122550382613,2.3744639872717026,2.1794308141257055,2.40198919911809
76,2021-05-04 12:40:00.000,18.190870577569697,3.2641475180352026,-1.2050374599533695,2.092396446617086
77,2021-05-04 12:50:00.000,25.07880005079038,2.745517455256786,1.457367152735812,1.4029756551163188
78,2021-05-04 13:00:00.000,29.38479978661353,2.181552617230461,6.056477020068849,2.1633046687845523
79,2021-05-04 13:10:00.000,29.329361782734836,3.1831443019331447,10.113032568128995,2.163850332477839
80,2021-05-04 13:20:00.000,26.141083421996502,2.4730244685678917,3.7449430073648666,2.8369144402639876
81,2021-05-04 13:30:00.000,23.938661795987407,2.255747333453676,1.098688765967631,2.857656895710045
82,2021-05-04 13:40:00.000,22.418380782200455,2.158491651922489,-0.397228041118274,2.524933015528478
83,2021-05-04 13:50:00.000,23.653945935062104,2.836788892342319,-2.3298213931297824,2.9586710393598317
84,2021-05-04 14:00:00.000,30.45867311989305,1.6618719942992042,0.17462858041894436,1.8543897054506362
85,2021-05-04 14:10:00.000,31.630163979671355,1.6596832262400223,2.970287609545928,2.120667632662924
86,2021-05-04 14:20:00.000,32.00015601953403,2.3246206416858683,6.5834310773965585,1.9787972256247153
87,2021-05-04 14:30:00.000,28.258295633421604,2.7451219602653443,4.786714438563527,2.8921956193112783
88,2021-05-04 14:40:00.000,26.241011749835316,1.9082101006650025,3.321630893703711,2.089202415053361
89,2021-05-04 14:50:00.000,26.78902911494556,3.402453454111574,6.392632240622097,3.1674151699885256
90,2021-05-04 15:00:00.000,30.179690897397027,4.600282167297946,8.716192638717098,1.7020660678109396
91,2021-05-04 15:10:00.000,30.58519842350134,3.9276493486367183,3.5386702791229627,2.7153772992228276
92,2021-05-04 15:20:00.000,22.901534323370576,3.198751823389121,-0.5145614373253816,1.751173020928923
93,2021-05-04 15:30:00.000,22.179540060300262,1.6159018060817678,-0.11288528696891834,3.322811353992837
94,2021-05-04 15:40:00.000,23.242478477327058,3.539335511867329,-0.06341597266116776,2.5541155280044774
95,2021-05-04 15:50:00.000,25.256508419858996,2.7147818506598727,-0.6519440373989749,3.0511304201933873
96,2021-05-04 16:00:00.000,27.89645734601506,3.3070038660978067,3.758763606539208,2.358144338707791
97,2021-05-04 16:10:00.000,29.577782668219207,4.019632032133338,1.1952522045696339,3.7235571139987633
98,2021-05-04 16:20:00.000,37.25184159809833,2.970293591530196,3.1364537668904426,4.5266732121578475
99,2021-05-04 16:30:00.000,35.95935924028391,2.3750780694302827,3.774753469116443,3.511001657029354
100,2021-05-04 16:40:00.000,35.84270529559112,3.6133029510514136,1.1757965557677417,3.739893438892954
101,2021-05-04 16:50:00.000,41.669883919875254,2.5674943914710355,2.210268128194123,2.217286727727413
102,2021-05-04 17:00:00.000,40.55007314093381,2.447783108611057,0.29444475483325455,2.693344976028104
103,2021-05-04 17:10:00.000,35.64947186241188,4.618747732357416,-1.6781416794427317,2.2652044884104074
104,2021-05-04 17:20:00.000,25.809287540945622,4.432857373147449,-4.780472171156374,3.138343510257119
105,2021-05-04 17:30:00.000,24.15406891290118,13.823882690250958,-3.4083295891652887,4.315681326059526
106,2021-05-04 17:40:00.000,34.2316206846422,4.005661322749699,3.62087078284281,2.505230336281815
107,2021-05-04 17:50:00.000,29.716095269750067,2.0068128871297133,2.7470456828881855,2.108602434107021
108,2021-05-04 18:00:00.000,17.029335533156637,2.9163305303650167,3.357118130422165,1.9002750342770989
109,2021-05-04 18:10:00.000,19.23333038369435,11.520958508216433,2.8771263770875493,9.314215455224124
110,2021-05-04 18:20:00.000,24.342922728240286,6.507689542598904,8.712377368457975,3.5500756127953936
111,2021-05-04 18:30:00.000,33.88389199817176,8.285691075130586,9.864723611631103,4.572261425061944
112,2021-05-04 18:40:00.000,20.893826885798624,6.796756773562662,10.401838801977128,1.8493386201744937
113,2021-05-04 18:50:00.000,37.64144621976577,5.01052076994109,10.242803567733514,2.07020978727429
114,2021-05-04 19:00:00.000,44.387815884921956,6.798389467605282,7.719378037754181,6.91479104757245
115,2021-05-04 19:10:00.000,23.390360933071605,13.120545194681043,0.07341145227784122,6.03950011977712
116,2021-05-04 19:20:00.000,18.624591151617295,10.57824901604419,0.47117003985014916,3.4134921848142445
117,2021-05-04 19:30:00.000,25.509815826059985,8.96608366595871,-7.710709056665495,9.892584876601834
118,2021-05-04 19:40:00.000,25.53415256326771,16.919669892114594,7.676569124113261,6.641371492588286
119,2021-05-04 19:50:00.000,39.60868746435476,13.456626165382543,2.8648016770640226,8.766367590214065
120,2021-05-04 20:00:00.000,34.90827443703565,20.289218641900828,0.9069147688630079,6.340087740948294
121,2021-05-04 20:10:00.000,37.37828799092904,13.424433329381376,12.563488639576285,15.236693684101338
122,2021-05-04 20:20:00.000,47.20247465095302,27.1084148218421,13.346475167720753,24.77611278230002
123,2021-05-04 20:30:00.000,25.28712756594897,19.864475218581934,5.788460453920031,46.628176092186614
124,2021-05-04 20:40:00.000,37.98056753598095,15.302932085743391,9.6784088777856,13.899811801988667
125,2021-05-04 20:50:00.000,20.855564189253155,8.15116569686046,10.629292399855679,15.074420029703223
126,2021-05-04 21:00:00.000,23.44501685679898,11.420618458213776,10.894554379370744,7.691420980218237
127,2021-05-04 21:10:00.000,28.197572032459554,8.554733674036598,6.241194662734336,7.316148304097386
128,2021-05-04 21:20:00.000,24.946371245284965,14.767372223186364,3.1196452449575807,16.169687915982884
129,2021-05-04 21:30:01.000,42.3904040310314,10.738346684199094,2.071338234169917,14.200357206925522
130,2021-05-04 21:40:00.000,47.747895515521535,31.430543537427045,1.4979471314953843,18.031185854495824
131,2021-05-04 21:50:00.000,37.38827332249974,20.091815455630798,-1.0431114327643338,8.298319081882479
132,2021-05-04 22:00:00.000,28.69758074215584,8.028312223722756,6.8249380176244685,7.712675418628446
133,2021-05-04 22:10:00.000,25.558402024658054,6.707687496063672,2.0423978318049727,6.28304698769127
134,2021-05-04 22:20:01.000,30.094528741666792,5.8003040911875985,7.122958516943209,6.402645677211757
135,2021-05-04 22:30:00.000,38.10970721024138,6.716708094744471,2.749536645776781,5.766874695503579
136,2021-05-04 22:40:00.000,36.57588949746144,8.493237043579153,4.963578484588461,6.1503195203706325
137,2021-05-04 22:50:00.000,35.44806881716315,4.298662125709469,2.0666771878988652,6.693868463388688
138,2021-05-04 23:00:00.000,41.39244928946474,5.699751910548672,7.63260923711193,11.315153567014724
139,2021-05-04 23:10:00.000,39.274749739612425,6.229822170208807,13.223449648020187,11.844594351159923
140,2021-05-04 23:20:00.000,38.54269343899474,6.297926478408251,18.427610122192817,17.954661476903112
141,2021-05-04 23:30:00.000,45.94918825497453,5.057495520675662,1.1856148939268545,10.42622194779152
142,2021-05-04 23:40:00.000,33.55937608227251,6.444075765926187,-2.315781100474409,6.112563105724623
143,2021-05-04 23:50:00.000,42.25091837801305,8.739019918854805,18.77093109702673,9.375170783667063
144,2021-05-05 00:00:00.000,54.80445466954239,9.04276268712901,31.416084791185416,18.12223671870055
145,2021-05-05 00:10:00.000,40.92160981875646,10.385891006671322,10.420272028687389,9.606688805993137
146,2021-05-05 00:20:00.000,44.07775272046814,4.1193494746219885,13.448509567801036,9.397660660046075
147,2021-05-05 00:30:00.000,44.02946895314844,3.99043596074906,12.538595640130126,4.054048557752684
148,2021-05-05 00:40:00.000,38.54405391292746,3.8702547250407497,5.116345091299722,7.53160466809458
149,2021-05-05 00:50:00.000,37.26389493239786,3.3973699342860546,-0.21596984912452882,3.7734687796172026
150,2021-05-05 01:00:00.000,43.4333942978127,4.712423865973161,-4.17989730300749,3.9570189771598514
151,2021-05-05 01:10:00.000,43.501800376604784,3.3691671679498265,-1.6457094122700557,2.8753673861935485
152,2021-05-05 01:20:00.000,51.63690894756396,3.1241395168024053,5.176456519847681,3.0996754842227747
153,2021-05-05 01:30:00.000,45.291882826622924,4.025262303474393,8.09333203026148,3.497296317984965
154,2021-05-05 01:40:00.000,45.19991088453105,3.6206995719690265,16.08795074515233,2.2986523969180044
155,2021-05-05 01:50:00.000,44.64354497465676,3.250503005380492,14.60751320724788,2.6434312209491964
156,2021-05-05 02:00:00.000,39.81524729001983,3.838674047071246,14.086502200435222,4.123540576278224
157,2021-05-05 02:10:00.000,45.61144453604547,4.800216366296516,13.027322660830023,3.158264791458129
158,2021-05-05 02:20:00.000,47.315509714586746,3.308943356571415,11.0419911150407,2.6671621565912593
159,2021-05-05 02:30:00.000,44.61266033172765,3.3112992065133193,12.142891628702282,2.200331455114131
160,2021-05-05 02:40:00.000,35.978177871988194,7.147362453408092,9.186001816492864,2.3015445880814918
161,2021-05-05 02:50:00.000,32.83702569883721,5.389532247765481,7.100290959454435,2.757392814055707
162,2021-05-05 03:00:00.000,36.409301808623304,4.679851142308609,6.9665029949079464,2.3712745779795035
163,2021-05-05 03:10:00.000,36.45713489207221,3.6628212628204024,3.899844300025377,3.471470931504495
164,2021-05-05 03:20:00.000,38.18424547629716,3.017105214436486,7.024466134840745,3.7729947812428786
165,2021-05-05 03:30:00.000,41.76852480284111,5.896542968991863,5.790740439359226,2.6094549659171413
166,2021-05-05 03:40:00.000,45.74930116923904,9.187144264972952,5.314333683602898,3.2354079918682133
167,2021-05-05 03:50:00.000,39.98967127925209,3.706988924227286,2.784570217012764,2.067987400114724
168,2021-05-05 04:00:00.000,40.11423957409567,2.6397313472897763,0.7229741115188395,1.9894161313859222
169,2021-05-05 04:10:00.000,41.02881242318755,2.927450371370569,2.286352763628174,2.5247990462775562
170,2021-05-05 04:20:00.000,46.33803851528971,7.275795981567224,12.243762575431726,3.930451141343596
171,2021-05-05 04:30:00.000,54.814895053789236,4.646607003572572,14.093757240229232,2.5190845397559585
172,2021-05-05 04:40:00.000,55.7479220779621,3.7244908940021824,15.457030122505142,2.5411366631549233
173,2021-05-05 04:50:00.000,52.30934032473573,1.9924222001442855,15.730627259499771,2.5664542850679353
174,2021-05-05 05:00:00.000,48.849642538164524,2.667573363217452,10.417990525656153,2.5696603549908263
175,2021-05-05 05:10:00.000,48.93939466475124,4.525122227964585,11.573543681250198,2.2774350126716274
176,2021-05-05 05:20:00.000,51.1876659185224,3.8967888507965585,12.677561717358383,2.5101103130769067
177,2021-05-05 05:30:00.000,51.0557338877563,2.0828996527733965,11.85748335062275,1.6361394067602928
178,2021-05-05 05:40:00.000,52.55033882649886,2.3880219029339003,11.888057657690519,1.5040230261298397
179,2021-05-05 05:50:00.000,55.3809415916158,1.6870471701062468,12.854860708451119,1.4767762639616029
180,2021-05-05 06:00:00.000,53.20447835623307,2.6666189612460505,13.436324208839878,1.727169897393938
181,2021-05-05 06:10:00.000,49.48133579203578,1.9066091135556247,11.684246673826921,2.5562280668586568
182,2021-05-05 06:20:00.000,47.90059117379225,1.7342128322152481,14.276684596942625,4.229622598217841
183,2021-05-05 06:30:00.000,48.19542284556018,2.462550839046272,16.435144908376028,2.090146115349161
184,2021-05-05 06:40:00.000,52.6432042765552,1.9668116872133332,16.878691456720162,2.1393390290428784
185,2021-05-05 06:50:00.000,54.268677582504814,2.482876708591755,14.79123937510756,1.967561426433111
186,2021-05-05 07:00:00.000,56.00112842566215,2.7589301354716755,17.49309232880284,2.1860732609517957
187,2021-05-05 07:10:00.000,53.62803496018387,3.2687536119663596,18.67853624714319,2.3497801019653735
188,2021-05-05 07:20:00.000,48.56097146298383,2.627986983093316,17.01328225761545,3.525825375262646
189,2021-05-05 07:30:00.000,43.31477003669954,4.279867829253662,12.990727666157543,1.9369246242426967
190,2021-05-05 07:40:00.000,42.112740282141736,1.5231079702440034,11.587813315063402,2.2055853515078856
191,2021-05-05 07:50:01.000,45.41414361196992,3.2312899507748503,12.17669944930645,1.8837910726155698
192,2021-05-05 08:00:00.000,50.240086867620725,2.40452579573797,19.292107556133693,4.116908193477139
193,2021-05-05 08:10:00.000,50.23699321287892,1.9775292359728907,19.174342666886815,2.409399089094661
194,2021-05-05 08:20:00.000,52.301152970914,2.811470191351403,18.751352302785108,2.8449142916070853
195,2021-05-05 08:30:00.000,52.72518020008631,2.5672177414407877,17.436455559293464,2.187864390203162
196,2021-05-05 08:40:00.000,43.015382110363475,3.054849372181418,10.84953049143952,1.6335958014663654
197,2021-05-05 08:50:00.000,37.6189888411993,1.7389116904286894,9.636436184071218,2.0165154411151986
198,2021-05-05 09:00:00.000,39.950188578237324,3.176705229441221,10.087148518984447,3.0227354558760897
199,2021-05-05 09:10:00.000,41.94968035562321,6.2649301970590905,8.220614747436835,1.732104211614391
200,2021-05-05 09:20:00.000,43.37409834277393,3.7330773985556718,10.205638072163287,2.773538621210667
201,2021-05-05 09:30:00.000,39.06897519611091,5.161798975308133,6.730060794358906,5.829885532239594
202,2021-05-05 09:40:00.000,35.65152769276945,5.968690441109014,-0.3396061630483816,1.5821157527287482
203,2021-05-05 09:50:00.000,17.275383314017596,5.667475171951632,7.374919561853706,2.3111438011545102
204,2021-05-05 10:00:00.000,12.758729218862905,3.222975071868349,6.363082757079913,3.090116471772602
205,2021-05-05 10:10:00.000,9.825507285139865,3.3484669794255413,-0.3070632555102965,4.274708571013033
206,2021-05-05 10:20:00.000,4.982442592594262,5.94075227239946,-0.772067588887426,3.8891597128609567
207,2021-05-05 10:30:00.000,2.230765068037058,5.7496897299285905,-6.638957713158382,5.82839316985872
208,2021-05-05 10:40:00.000,6.05299229181513,6.038664543259449,-3.9220925836796074,4.694898621072985
209,2021-05-05 10:50:00.000,1.3553222575466273,8.679894679552694,-6.861194195361887,4.416812486878349
210,2021-05-05 11:00:00.000,-0.08437516642799016,6.632849954597493,-5.370327416116453,4.871359348602533
211,2021-05-05 11:10:00.000,12.020805655991648,8.54798199809845,-8.629739461755161,3.1930598646588906
212,2021-05-05 11:20:00.000,4.861152683412313,6.681636230140169,-7.078779375783401,2.8164954158923683
213,2021-05-05 11:30:00.000,-5.2023798703739885,6.673482308551877,-9.54056148539712,2.1832268924331855
214,2021-05-05 11:40:00.000,-9.710261332789727,5.180743348793161,-6.9293013354210435,4.006836639068725
215,2021-05-05 11:50:00.000,-16.650610294647013,5.884501216963954,-8.568708097757103,8.2214537507892
216,2021-05-05 12:00:00.000,-8.454585692426624,3.2244985155241763,-14.894290597141552,3.03594238253753
217,2021-05-05 12:10:00.000,-13.507887776632185,4.815892143699417,-12.44648322343508,3.154043245381782
218,2021-05-05 12:20:00.000,-16.74508998784995,6.908689091385123,-14.154688559428754,5.538001468996401
219,2021-05-05 12:30:00.000,-25.761798829272145,4.789072891121447,-15.0523298672412,4.895023730299123
220,2021-05-05 12:40:00.000,-23.106217043883227,4.901416711294174,-15.41896052312268,7.574947248033882
221,2021-05-05 12:50:00.000,-21.588033952816033,9.81032489194355,-17.832978113924757,5.5922542473048065
222,2021-05-05 13:00:00.000,-23.148951602202953,5.983262056451958,-18.08479547142482,5.970683832518312
223,2021-05-05 13:10:00.000,-24.550017630061827,4.6048968749357675,-14.722340261270821,5.344046774602155
224,2021-05-05 13:20:00.000,-24.64984275281283,5.632310164163367,-16.7019083243734,3.968656084831478
225,2021-05-05 13:30:00.000,-33.544272622409615,9.403076521694379,-28.52128945770035,8.714949143774392
226,2021-05-05 13:40:00.000,-47.958958388904996,5.193419269016599,-37.329039000716506,5.512528745738617
227,2021-05-05 13:50:00.000,-39.97656780460503,6.750523184004416,-29.705881211247753,3.0407896591735595
228,2021-05-05 14:00:00.000,-36.04154699230582,3.1805074419054375,-30.770868647019032,2.639670206194865
229,2021-05-05 14:10:00.000,-30.386162343359512,10.386012473400378,-26.44359437606198,3.8362438661447777
230,2021-05-05 14:20:00.000,-32.13756686717557,4.953294584161805,-22.89310346356301,6.2483575156260125
231,2021-05-05 14:30:00.000,-31.63978989430448,4.673204203864504,-24.90682687591356,5.235195190566336
232,2021-05-05 14:40:00.000,-31.808799890462176,4.833431532003569,-22.305294116282536,4.204519223602972
233,2021-05-05 14:50:00.000,-30.95066530290101,4.028666058923279,-20.117008780577766,2.6336527183963874
234,2021-05-05 15:00:00.000,-27.964242338620288,2.690351975995615,-25.892488346883134,1.945222745012409
235,2021-05-05 15:10:00.000,-34.22067863176307,4.637043375656558,-30.665587301144534,3.4326021161536735
236,2021-05-05 15:20:00.000,-39.37518068628926,3.847776961328553,-34.81818599244048,2.412302943768607
237,2021-05-05 15:30:00.000,-46.280458912786415,4.095034876271705,-35.47410143882966,2.4734326271893496
238,2021-05-05 15:40:00.000,-43.86141016462323,2.987882221754586,-32.47018836053473,2.3524611963242856
239,2021-05-05 15:50:00.000,-42.07695688160672,4.134971199240956,-32.96139586973826,2.5131174722287377
240,2021-05-05 16:00:00.000,-38.248297812768214,2.3629914884608274,-32.824524486411825,2.0938707876164786
241,2021-05-05 16:10:00.000,-38.63751790783172,1.9803440295294368,-33.438988017104414,2.5542723539026473
242,2021-05-05 16:20:00.000,-30.796167784066668,3.189245887819923,-36.72392711194225,3.6683712705547333
243,2021-05-05 16:30:00.000,-23.778020252041454,3.0906686107518873,-40.54852862470003,3.3375677717940704
244,2021-05-05 16:40:00.000,-27.461508578971838,3.555210317856995,-42.249089119443646,3.3594719641563486
245,2021-05-05 16:50:00.000,-33.97344958603708,1.8494228911900172,-43.78326666200125,2.8360398588103934
246,2021-05-05 17:00:00.000,-29.56331214092643,3.2478691909617674,-29.97810246189919,4.494426853638928
247,2021-05-05 17:10:00.000,-29.402263098334497,3.371679045289994,-31.56763827118381,3.8677551991546086
248,2021-05-05 17:20:00.000,-32.07465940177328,2.460277371749613,-39.021882339810396,1.3815162054157686
249,2021-05-05 17:30:00.000,-32.90414825484116,2.200603255035915,-31.653891779408482,2.6076613340747605
250,2021-05-05 17:40:00.000,-32.70624212503516,3.2197603906550896,-27.661076137229237,2.5535730659637723
251,2021-05-05 17:50:00.000,-39.911671689751294,6.017981290829389,-31.270465883010413,1.8584304098851168
252,2021-05-05 18:00:00.000,-39.175071103622436,3.1044275105258445,-33.99700898320362,2.159095756597037
253,2021-05-05 18:10:00.000,-41.27906429338949,4.015856969232706,-32.220751932246074,2.6427419136565624
254,2021-05-05 18:20:00.000,-33.272997579008106,2.423460731105131,-29.000118804046284,4.130011760079006
255,2021-05-05 18:30:00.000,-24.55001291604148,4.781426136922694,-28.736454304296497,1.9100611118003443
256,2021-05-05 18:40:00.000,-20.02726901045207,2.6594677288791475,-27.789737386426168,2.831713986449908
257,2021-05-05 18:50:00.000,-17.98262383591338,2.29884853229983,-23.953673261714446,1.8607148159781588
258,2021-05-05 19:00:00.000,-21.647790080290218,3.6997148757288154,-30.7722158882136,1.522007701143386
259,2021-05-05 19:10:00.000,-33.167052553105826,4.921481262619612,-32.350438262978464,3.389370536807825
260,2021-05-05 19:20:00.000,-38.80359656395421,2.5550515403574967,-35.73647720868348,1.724328326210934
261,2021-05-05 19:30:00.000,-31.64927443500173,4.060645648814611,-31.69576354281019,4.788984815885559
262,2021-05-05 19:40:00.000,-17.171473116718555,4.177663756213499,-22.246285062252586,2.73424676119216
263,2021-05-05 19:50:00.000,-18.47808940431571,6.314830875119296,-25.990543960001613,5.328266703852144
264,2021-05-05 20:00:00.000,-17.263505706836686,2.586253294182349,-23.56507444406351,2.1289542096796517
265,2021-05-05 20:10:00.000,-17.273066025719046,3.094759203228979,-22.25424759208874,3.116252075286293
266,2021-05-05 20:20:00.000,-10.663461013768869,2.0171827914027674,-18.169332383346525,2.181147338105103
267,2021-05-05 20:30:00.000,-13.35481791235327,3.0484004207520368,-19.50071116782021,1.7193852217219796
268,2021-05-05 20:40:00.000,-17.276249748166716,2.06178680550099,-17.01330293740998,1.6582350289365155
269,2021-05-05 20:50:00.000,-14.753581036074358,3.9499288475910816,-14.235127736540377,3.6226746874328595
270,2021-05-05 21:00:00.000,-8.470849680466994,5.163049717917238,-14.882767481674497,2.2752146344875652
271,2021-05-05 21:10:00.000,-7.076991257228134,3.569476607987617,-16.69336677787413,2.510831712307838
272,2021-05-05 21:20:00.000,-6.99753332230865,4.926853955015732,-12.878587416060661,4.3595296111460105
273,2021-05-05 21:30:00.000,-6.539875841757911,6.839437234950517,-16.47392187197178,5.278788813916335
274,2021-05-05 21:40:00.000,-5.163569424038687,4.95561282925761,-12.269010579775188,2.323395205921734
275,2021-05-05 21:50:00.000,-12.545744850593534,4.042954547399521,-16.074279788690934,3.385837328816974
276,2021-05-05 22:00:00.000,-2.3616917944669304,6.600106220480956,-14.81456021573451,2.7111846274036466
277,2021-05-05 22:10:00.000,-2.976650874698369,2.4151347531527736,-12.819639741689723,3.064107524748175
278,2021-05-05 22:20:00.000,-0.8486481975169227,3.617306275168565,-9.644227613402563,4.0728693088345365
279,2021-05-05 22:30:00.000,5.259598162486668,6.058085091145913,-9.385579901540861,5.055317959534381
280,2021-05-05 22:40:00.000,-7.3159152718363805,7.460659418564744,-10.909835539575413,2.5178815252822058
281,2021-05-05 22:50:00.000,5.704144710723627,8.248799058833228,-13.712716510251871,6.725390179263341
282,2021-05-05 23:00:00.000,-4.710488238573232,4.8072862887405075,-8.56062398740953,8.002471937947394
283,2021-05-05 23:10:00.000,2.3995710651316604,6.895260871711123,-3.428476970673201,3.9064388445318037
284,2021-05-05 23:20:00.000,4.760715377737415,5.418641254350577,-0.5586294427839875,14.291199895517082
285,2021-05-05 23:30:00.000,18.645766657004444,10.314437242624944,-6.567830933722087,15.639622831983187
286,2021-05-05 23:40:00.000,7.521194467066119,6.145399298331635,-6.046143604716492,6.922693227520341
287,2021-05-05 23:50:00.000,0.6104168672657779,8.450256516026027,5.77305869221148,8.586429287897362
