class,采集时段,总风速,纵桥向风速,横桥向风速,竖向风速,平均风向,平均风功角,Ix,Iy,Iz
0,2021-04-27 19:00:00.000,0.918964241604582,0.555902080547153,0.2131608397024874,0.0009291275979265743,204.412,0.116,0.6821331646371391,1.324334850760859,0.0080238283103038
1,2021-04-27 19:10:00.000,1.063642785003658,-0.8609476147988688,0.49352158892409836,0.0014457052694417467,46.659,0.087,0.34462081682831736,0.4113057142335028,0.0029918110872815657
2,2021-04-27 19:20:00.000,1.0007011004626702,-0.6264204787836356,0.7579208333471176,0.0016861813308942481,32.728,0.095,0.16904068129914535,0.19444666269378633,0.001525661077475381
3,2021-04-27 19:30:00.000,1.2564726994699502,-0.42495360739275545,1.1641583877351636,0.002210860384632124,171.123,0.101,0.15763371929275363,0.1626099486105255,0.0011863855849730107
4,2021-04-27 19:40:00.000,1.3664261187833602,0.21211577294127432,1.3112048927476607,0.0033666439279930625,330.609,0.147,0.17976121096760697,0.26176742116849244,0.0012053357069567146
5,2021-04-27 19:50:00.000,1.5049270804879573,0.6775278087777439,1.3041070330260691,0.0024065377672220496,309.108,0.099,0.2868027799716538,0.17065661243715255,0.0019487962246259758
6,2021-04-27 20:00:00.000,1.2576328266853622,0.5978974778619386,1.0754225840977363,0.0018830469615735794,309.37,0.088,0.2500006881402772,0.14900131895446272,0.001831309736010398
7,2021-04-27 20:10:00.000,1.3955751774842338,0.6927929142400564,1.1869579787234752,0.0018086950973490667,308.417,0.077,0.24437348425318545,0.1315172202441289,0.0015605453061463006
8,2021-04-27 20:20:00.000,2.1036071108501657,0.5519465343363118,2.028211653038361,0.0037119846903311744,324.723,0.101,0.06033493165988093,0.036961699062686613,0.00041101750247431857
9,2021-04-27 20:30:00.000,2.1188859317919833,0.7844405440237204,1.9648001969127784,0.0033492093960349276,318.021,0.091,0.09552217913268037,0.04469026987080158,0.0005213048746309161
10,2021-04-27 20:40:00.000,1.9035845364978128,0.5032285295256371,1.8191451676884705,0.0039836570453110395,324.148,0.127,0.14463613695520625,0.13308667737392266,0.0009698242228080755
11,2021-04-27 20:50:00.000,2.2793594983470475,0.25480022048263534,2.255696747840417,0.004466362247807845,333.151,0.115,0.11429517632572826,0.09694104986156528,0.0009175126776303457
12,2021-04-27 21:00:00.000,2.651184929840251,-0.15355250601852813,2.6396387869287725,0.004969626897174767,343.196,0.108,0.08851101184810523,0.06397708233448277,0.000571702785556729
13,2021-04-27 21:10:00.000,2.7050073617556634,-0.4320503252564995,2.6632768409487153,0.004993882715575806,346.798,0.106,0.13805206120757538,0.07379131377689772,0.0008189420227715265
14,2021-04-27 21:20:00.000,2.0017046691030185,-0.7085137691547433,1.8468642202274554,0.0040115697602927936,146.373,0.115,0.09140442772398394,0.1536062457559492,0.0006476955064363973
15,2021-04-27 21:30:00.000,1.7861782652124885,-1.2383671885123275,1.2247853079387487,0.0035404469124394157,25.935,0.111,0.15788155296228196,0.1982251662043524,0.0009190205213339387
16,2021-04-27 21:40:00.000,2.4291154410086424,-2.336625210858416,0.605355435675123,0.002538079091609735,55.73,0.059,0.13604560926127438,0.1063669786220029,0.00047243024770617835
17,2021-04-27 21:50:00.000,2.512087956068151,-2.2853195150080157,1.0325670679200867,0.003666994109660484,45.742,0.085,0.09708160548615412,0.09229563789771365,0.0003826039923525117
18,2021-04-27 22:00:00.000,1.8554832098524272,-1.7820454492114877,0.16029973305820716,0.0019791174486927412,67.283,0.057,0.30569728244140026,0.09486162623139294,0.0008162271702899026
19,2021-04-27 22:10:00.000,1.3583803330569686,-1.1870070861501694,-0.5689986238949054,-0.00034858368325631944,95.321,-0.016,0.2613660302617106,0.17795957775706567,0.002221762729977039
20,2021-04-27 22:20:00.000,1.188148521857345,-1.170590859040331,-0.04336995119267184,0.0010424909659907985,70.959,0.057,0.14656448722770318,0.30955637766871097,0.0010705553581898304
21,2021-04-27 22:30:00.000,1.2235530189963144,-1.1139941590291769,0.44912065524157835,0.0015667195076231773,49.059,0.076,0.25683519776524794,0.21396939510857588,0.002609605775728615
22,2021-04-27 22:40:00.000,1.5036119077132486,-1.433378709214742,0.3328589532343355,0.002353189712536814,56.794,0.091,0.17860978034036074,0.17383782378741433,0.0009579315119009999
23,2021-04-27 22:50:00.000,1.131112674466634,-1.1215882463104658,-0.028098413491421653,0.0012510417100561307,71.533,0.068,0.12682922033680602,0.1643353050110693,0.0011511944534781297
24,2021-04-27 23:00:00.000,0.9710077632702554,-0.9322712861956206,-0.1920586969417665,-0.0002602635287070071,81.899,-0.016,0.2040184229346541,0.13809863132241207,0.0013486856127978533
25,2021-04-27 23:10:00.000,1.0893939833818231,-1.054412115881884,-0.017095546732863606,0.00097754843213542,72.282,0.053,0.26575922587899986,0.184643337042947,0.0015225060218448923
26,2021-04-27 23:20:00.000,0.8325256167661997,-0.7427579027735268,-0.19057391961734554,0.0010188884116107313,83.117,0.07,0.4391691562923493,0.23749235970319538,0.0023414260996143005
27,2021-04-27 23:30:00.000,1.0532959103424375,-0.9652237690622542,0.1502213875319042,0.002824344030472637,64.262,0.159,0.44863418752362344,0.18877537408683676,0.0023162856005265998
28,2021-04-27 23:40:00.000,1.0722545494783693,-1.0296343962203611,0.18240946445117007,0.0008248104794803947,60.647,0.041,0.24145916073979418,0.15501142936434292,0.001738394107015842
29,2021-04-27 23:50:00.000,0.5844763426569372,-0.540147306245713,0.09074538001895223,0.0007265061509194058,64.142,0.077,0.39092015713568423,0.31806247580805586,0.0029068615188653788
30,2021-04-28 00:00:00.000,0.7975995916336032,-0.7586024779545018,-0.15847696164349362,1.446263513063887e-05,81.742,0.003,0.24131006146752954,0.3305941131892483,0.002077459222918221
31,2021-04-28 00:10:00.000,1.1043920547064787,-0.8709502886691807,-0.6365672456309606,-0.0006278025137988288,105.682,-0.033,0.22503503269378758,0.1809644297019692,0.0020080299721004814
32,2021-04-28 00:20:00.000,0.9928493918313244,-0.7010834110229723,-0.6472979233797582,-0.0008288388629762194,113.77,-0.047,0.2700974429340296,0.33258402064253995,0.003022267163475269
33,2021-04-28 00:30:00.000,0.9451275262633787,-0.6752354982352637,-0.6283414611986552,-0.0002090666932586252,112.81,-0.024,0.24828773973213408,0.32921953045114344,0.002929628363280354
34,2021-04-28 00:40:00.000,0.731522204998923,-0.44328612152785185,-0.5435378956107945,-0.00028185010586344474,120.827,-0.024,0.3242051276090759,0.3190605033574682,0.004227870087633952
35,2021-04-28 00:50:00.000,0.7918514690445977,-0.5038241613686577,-0.5777414459429804,-0.0005254395252816107,122.056,-0.037,0.22973976203751298,0.45615695691171915,0.0028881988274932612
36,2021-04-28 01:00:00.000,1.1148722333266252,-1.0020304282690031,-0.4043489892898786,-3.437008149402039e-05,93.702,-0.0,0.24449912558389295,0.24622270550471928,0.00180281797563009
37,2021-04-28 01:10:00.000,1.054469651765446,-1.0333544387024711,-0.05575411780830984,0.0009236260704986369,71.875,0.052,0.18568053475207383,0.31169264470347885,0.0015015688568835203
38,2021-04-28 01:20:00.000,0.9711953057450089,-0.7255742792880323,0.6185610314807002,0.001758943061731166,29.919,0.098,0.18466468353502863,0.1775292226947838,0.0014794029636482472
39,2021-04-28 01:30:00.000,1.558062363971082,-1.3663554887170786,0.7307667003846171,0.0031546898729133753,41.419,0.113,0.12262745658495125,0.1624315126394748,0.0008805778093281676
40,2021-04-28 01:40:00.000,1.3641853816069536,-1.2556473436527051,0.4356057204520008,0.0020549236771506183,53.909,0.075,0.31127173973200145,0.1227569817145331,0.0016043988456916761
41,2021-04-28 01:50:00.000,1.3733947874978865,-1.2468624750768256,-0.49486357831099514,0.0001077533362997499,90.396,0.001,0.24645408713243852,0.27541965791652934,0.0025955130618612403
42,2021-04-28 02:00:00.000,1.1824314970855583,-0.8817645795854979,-0.6984717310540214,0.0023873088664860503,105.492,0.11,0.33180358714753233,0.26179001968786386,0.003300541419398434
43,2021-04-28 02:10:00.000,1.5392025346684466,-1.4270347259793499,0.550208780948035,0.0027623529921188585,48.126,0.1,0.152464054174746,0.22835110107549741,0.0010442127637251355
44,2021-04-28 02:20:00.000,1.5572008900505356,-1.5207494927564358,0.3108861234413498,0.0018893118556727474,58.69,0.067,0.11274134736172406,0.09333398025599805,0.0009502480938504814
45,2021-04-28 02:30:00.000,1.2047986953217966,-1.191837966273299,-0.104697780872502,0.0007320234422295009,74.918,0.039,0.11182124164631065,0.10601575073464797,0.0009443129189874383
46,2021-04-28 02:40:00.000,1.5650740982074223,-1.4002669361196285,0.6707016273932082,0.002369670684194083,45.209,0.085,0.17011440150054083,0.04159369636346029,0.0005542494021398939
47,2021-04-28 02:50:00.000,1.7715780651012893,-1.5572467154545213,0.8429681361131,0.0031981138084019624,41.591,0.103,0.03667131273440292,0.02603247584382171,0.0002701160580009617
48,2021-04-28 03:00:00.000,2.1298725648355386,-1.5949167798233836,1.3930358727675858,0.004208853851761496,29.246,0.112,0.20427973777746217,0.12290431683989317,0.0005748086015745795
49,2021-04-28 03:10:00.000,3.8660022003155046,-3.319149500589416,1.9675259980412225,0.007159285750749265,39.11,0.106,0.05214155600561337,0.09589080199308364,0.00030461143512903766
50,2021-04-28 03:20:00.000,2.957197905494748,-2.612019410621783,1.3820265347133525,0.004895678358130261,42.234,0.094,0.0981906977153339,0.06780332968315644,0.0004223903793398024
51,2021-04-28 03:30:00.000,2.0464945963732117,-1.91621088363497,0.7017260846102433,0.0022151207424344027,50.003,0.061,0.08965736151627256,0.06834507244815172,0.0006182183739767982
52,2021-04-28 03:40:00.000,1.1941006631070124,-1.1249731209842173,0.16747851105934042,0.0012319263545883213,68.353,0.039,0.45825858056554375,0.2871108369929315,0.0018470701882907742
53,2021-04-28 03:50:00.000,1.033800692936427,-0.8476042947495652,-0.5254735202150743,-0.00048457781344324975,101.833,-0.031,0.28067618583317533,0.24729321509088914,0.002806380864861411
54,2021-04-28 04:00:00.000,0.805096754512079,-0.6127992082815731,-0.4892303237353553,-0.0002785443214385214,108.23,-0.027,0.2575243554804014,0.3024001787552843,0.0029633322686621636
55,2021-04-28 04:10:00.000,1.3889236348369043,-0.964766641264246,-0.6802189608131397,0.006786993651073618,101.073,0.264,0.643062584940984,0.25355967146070546,0.004694753009817457
56,2021-04-28 04:20:00.000,0.6386484498948296,-0.5480397051857536,-0.22149161460051248,-0.00031767530565281166,89.581,-0.04,0.46237374616866955,0.38718927190361146,0.005556226366847128
57,2021-04-28 04:30:00.000,0.5992351234879877,-0.4155185497507126,0.3510789481481925,0.00048816413684413614,79.269,0.011,0.6705419789973812,0.4093414203016765,0.0018908718953205188
58,2021-04-28 04:40:00.000,0.811524600728265,-0.7610348985111981,0.2228546196777575,0.0013322247479761284,54.386,0.096,0.21728204152609473,0.16596311618107074,0.0019938156119892123
59,2021-04-28 04:50:00.000,0.6198537006531122,-0.531635019891341,0.03648513914310747,0.00040764958509097,71.33,0.023,0.6309165555082584,0.38538419736612867,0.00458953145029645
60,2021-04-28 05:00:00.000,1.4464725064855624,-1.305487002014054,0.6104750007342575,0.0024309709371918933,45.536,0.095,0.16271657401447556,0.08176460244898533,0.0007191168047945643
61,2021-04-28 05:10:00.000,0.8028513308014081,-0.619077065761988,-0.24454706056251332,0.0006804088280719643,105.433,0.018,0.6407749063887127,0.5021210100046981,0.0033828042793129717
62,2021-04-28 05:20:00.000,0.5925492677863561,-0.3822977409514728,-0.24227266367372627,0.00020391815315026632,119.403,-0.006,0.7234678812554379,0.7374086556427377,0.00485183562210975
63,2021-04-28 05:30:00.000,0.558791648709599,-0.4049388185526941,-0.3197423459539384,0.00021054219997668861,107.396,0.004,0.48740132825647015,0.5755879924061651,0.005305161828407451
64,2021-04-28 05:40:00.000,1.0516081711664444,-0.9086537558818075,-0.4872203375454816,-0.0006572523719937988,97.409,-0.044,0.22496307627669435,0.27797992980900216,0.002318840441247133
65,2021-04-28 05:50:00.000,1.2174814964768288,-1.0317610160483786,-0.5701650854624618,0.0005104126370503914,97.59,0.017,0.28226819474599585,0.27018478643737714,0.0029226755652540888
66,2021-04-28 06:00:00.000,1.3935079269131425,-1.1608651497790037,-0.710029374011638,-0.0001836922339962719,99.552,-0.013,0.25770389257625215,0.3122643651548478,0.0025343403672582463
67,2021-04-28 06:10:00.000,1.8220295580136885,-1.5080804423293492,-0.9255824650799663,-0.0007699366198606029,99.87,-0.021,0.27115755649269935,0.30432876645251195,0.00297465557670297
68,2021-04-28 06:20:00.000,2.385129262335308,-1.9017536671442756,-1.390524011577926,-0.0005440265380298963,105.923,-0.013,0.16360500851678544,0.14863057497780044,0.001785741101197082
69,2021-04-28 06:30:00.000,2.1413219253932385,-2.0450402654663904,-0.48325044970613906,0.0008000702050161573,82.428,0.025,0.18650195883350248,0.16459613310966545,0.0010063716866122157
70,2021-04-28 06:40:00.000,1.686080916434936,-1.6019307954487754,-0.46711654626923227,0.0005640366894319539,85.988,0.021,0.14637386355284976,0.14155615622397305,0.0016293312911809738
71,2021-04-28 06:50:00.000,0.7546576222446465,-0.7081518101957546,-0.055147199653467364,0.0015776777043884844,73.386,0.119,0.3407220615972056,0.40716255892885617,0.00503040481513776
72,2021-04-28 07:00:00.000,0.7632742572028685,-0.6766861901985538,-0.081294444236252,0.0014694365921120703,73.782,0.113,0.4816661970683463,0.4307004781329598,0.004716333869576462
73,2021-04-28 07:10:00.000,0.9070336291386353,-0.7331676139457943,0.49650712130916147,0.0018725641345460876,37.177,0.117,0.34200817597171834,0.19852242992458072,0.0023217315385393876
74,2021-04-28 07:20:00.000,1.1523222921809337,-0.8157753816178991,0.7908203901209911,0.002438836231629417,27.016,0.123,0.20854775563284955,0.15213354843556842,0.0014564241072207434
75,2021-04-28 07:30:00.000,2.2841162615109094,-1.458156791901861,1.7436443981576968,0.00536333438524081,19.734,0.133,0.2139636953841035,0.13443131664111424,0.0010210606450640832
76,2021-04-28 07:40:00.000,3.053439736878929,-1.9163844930820797,2.36440350085372,0.007212177270548503,19.011,0.135,0.06511215923213363,0.07996365284537105,0.0005935310022958491
77,2021-04-28 07:50:00.000,3.1896480943856815,-2.172351048639991,2.299911453391792,0.00701936373595797,23.709,0.126,0.10838872366643854,0.10133814864243207,0.00044120945422335383
78,2021-04-28 08:00:00.000,2.822905943610483,-2.227372030073909,1.7176358682075843,0.005680900100708012,32.521,0.115,0.09048869743897571,0.06381407034643423,0.0005970866182008919
79,2021-04-28 08:10:00.000,2.885803987560711,-1.9688183572243383,2.1015264980058324,0.006611255634406815,23.171,0.131,0.06966716261166794,0.060888649899857476,0.0005795812116446034
80,2021-04-28 08:20:00.000,2.4041597994716777,-1.7469509909928544,1.640848120576135,0.004582755724443253,26.95,0.108,0.1055539871785008,0.07068812729051513,0.0008099977520659367
81,2021-04-28 08:30:00.000,2.6839217044082577,-1.8600686918086755,1.9203288096650397,0.006551215832896131,24.352,0.138,0.12690129668136632,0.07245045741216065,0.0008835520149808365
82,2021-04-28 08:40:00.000,2.380576292309764,-1.8171579576525259,1.5247802753522837,0.005220886380774097,30.246,0.123,0.13086866330526883,0.07180267840737369,0.0009016732468321265
83,2021-04-28 08:50:00.000,2.6289473438200237,-1.7301972972671351,1.9531054497134785,0.006311280105249478,22.153,0.137,0.1711213568543756,0.09674263571139416,0.0010537680927655269
84,2021-04-28 09:00:00.000,3.2343784354186176,-2.065701042705198,2.4710178342496194,0.007738261919811314,20.004,0.136,0.09732602151552475,0.08493640942496794,0.0007411327363075784
85,2021-04-28 09:10:00.000,3.729772384997005,-2.666432229399015,2.5658719676815194,0.009293661846098157,26.37,0.141,0.127927610777715,0.1038396297168265,0.0009504446460936642
86,2021-04-28 09:20:00.000,2.6174517545763267,-2.2124665440434423,0.8585758193622294,0.0044100565756961104,54.423,0.079,0.5226094415588729,0.2804547144545575,0.002964903964185375
87,2021-04-28 09:30:00.000,3.3512606670197913,-2.4977357020278417,2.1407486071016755,0.00845396901162727,30.137,0.147,0.21033275898300055,0.13182345076095633,0.0012973375919402203
88,2021-04-28 09:40:00.000,3.3195323168047146,-2.2596065807151526,2.1956813249426177,0.011161563220861705,35.139,0.205,0.38421175095133164,0.18472279098925407,0.002287395351763352
89,2021-04-28 09:50:00.000,3.3793422065434546,-2.231510765273004,2.473169963256159,0.008266475578030931,24.004,0.146,0.23938119731105928,0.12429644804117405,0.0014420645500869266
90,2021-04-28 10:00:00.000,3.835800406392188,-2.20604601935921,3.12776043986073,0.007428052716082994,15.277,0.111,0.08212133732647055,0.06987323655499326,0.0007331676896761836
91,2021-04-28 10:10:00.000,3.35672628322515,-1.8929961814945588,2.7485295509404115,0.006835304320195953,21.221,0.116,0.09240813472715709,0.12096796441589193,0.0006755733399864323
92,2021-04-28 10:20:00.000,3.412669269984022,-2.5297938862660345,2.178760583504315,0.007243220318906955,31.078,0.13,0.21456004837456344,0.17116154730469513,0.0012469557481419621
93,2021-04-28 10:30:00.000,2.272375691630928,-0.9521711058845078,0.8757032736971249,0.002687072365713119,114.919,0.078,1.5819968298423726,0.6405119050761254,0.005895878106896772
94,2021-04-28 10:40:00.000,1.088221049072363,-0.09674488764187382,0.8831185587122073,0.0022651846867835983,222.496,0.114,0.9804519752387286,0.48399230225062556,0.006616562226793794
95,2021-04-28 10:50:00.000,1.187910271972894,-0.28060881855966935,-0.5016752839697188,0.00038594615530575244,133.779,0.047,1.5241680187411573,1.5285486123263796,0.011741416887773725
96,2021-04-28 11:00:00.000,2.447711716021274,-1.3146915917691813,-1.8999914065561776,5.752961112350302e-05,124.724,0.011,0.39031744978193095,0.42464981941845464,0.0028426899026573753
97,2021-04-28 11:10:00.000,2.412909095171568,-1.7613513429509364,-1.549474990989558,-8.180734886821828e-06,110.691,-0.001,0.2650953901130502,0.3185173041586285,0.002777570040623975
98,2021-04-28 11:20:00.000,2.1634549682803565,-1.321455058869676,-1.464185629195332,-0.0006139535567450546,119.937,-0.013,0.41573628513998284,0.5056435870462747,0.0036311472441785445
99,2021-04-28 11:30:00.000,3.7039616841311096,-1.3979092213612536,-3.3030312945492994,-0.0006145273152356168,135.738,-0.015,0.2915273848725547,0.22018912628125298,0.0022863957511172297
100,2021-04-28 11:40:00.000,2.7727959863889025,-0.7514585526023958,-2.556180605449971,0.0003947956242838018,141.967,0.017,0.3572107198544981,0.2533722642717819,0.0028072575948794765
101,2021-04-28 11:50:00.000,2.3800579299632862,-0.6204917928669925,-1.9967220858000503,-0.00045142368714823827,151.102,-0.012,0.33451999276621636,0.6415244173912208,0.003683386784061243
102,2021-04-28 12:00:00.000,3.3065031571854155,-0.2002734570819215,-3.078800787169059,-2.63287539556162e-05,156.118,0.023,0.4706743310299028,0.36192961512899396,0.0035755169667749057
103,2021-04-28 12:10:00.000,3.4879257117886464,-0.7953938028174286,-3.079560389671166,0.000667997325283306,140.207,0.017,0.5435006229815922,0.3191367268036883,0.002703500258407315
104,2021-04-28 12:20:00.000,4.6317942813519215,-0.23156417036187588,-4.552209385530411,0.0016393796953118106,156.709,0.025,0.2684443780424923,0.18399979518792486,0.0017792652465490207
105,2021-04-28 12:30:00.000,3.4690490765233273,-0.17648264880746614,-3.26706308894825,0.001356591118648478,154.1,0.043,0.4461045344211698,0.3131094866416284,0.0028051242917891675
106,2021-04-28 12:40:00.000,4.40966579413075,-0.7097381393305119,-4.1520814370314065,0.0006273427012399418,149.921,0.016,0.37769864899946953,0.24391157170293318,0.001954618205055867
107,2021-04-28 12:50:00.000,4.989814898027334,0.14524004352141634,-4.590341951420124,0.0008342992684345817,156.82,0.008,0.42895254355624995,0.33466309232577773,0.0021512034818537635
108,2021-04-28 13:00:00.000,5.2157370798976395,0.12333401490188804,-4.804828235420388,0.0014962160684640498,161.292,0.029,0.3376681881075511,0.3936061513170718,0.0024237309348678323
109,2021-04-28 13:10:00.000,4.319856456372947,-0.7783744727803817,-3.878510809239328,0.0006683321444636345,146.054,0.01,0.4633099336586157,0.3531360655875253,0.0024975432563854646
110,2021-04-28 13:20:00.000,3.616489211132186,-0.6197260471153843,-3.3099249357201965,-3.4694072506581594e-05,146.875,-0.004,0.5056807580564187,0.3667832887177267,0.002752288295138025
111,2021-04-28 13:30:00.000,5.1556383105452035,0.23525597291690092,-4.975742888833732,0.001913926306031489,163.546,0.037,0.34706968727235166,0.26658402476205467,0.002175217945952006
112,2021-04-28 13:40:00.000,4.250934814789223,0.036646931941213,-3.781550987703875,0.0005995098025236067,156.631,0.022,0.5281879814377557,0.4184163152035398,0.002897141903308821
113,2021-04-28 13:50:00.000,4.930517988692256,-0.9558843489345015,-4.477889657019396,0.0005231672297734951,147.179,0.01,0.3405163327775334,0.35210801860778584,0.001702209485652016
114,2021-04-28 14:00:00.000,3.5783796119759272,-1.5239557412732676,-3.01046866580292,-0.0006244868107664872,132.293,-0.012,0.35091911412802235,0.33218387949100553,0.003045096493725041
115,2021-04-28 14:10:00.000,4.499708815618074,-1.2158602844922282,-4.2092335241905845,0.0007713789942729795,143.606,0.016,0.2798659960270288,0.24073075704508268,0.0021805195848208607
116,2021-04-28 14:20:00.000,3.278856275479157,-0.42656683097188924,-2.9922588271778423,0.0006077855340054011,149.248,0.005,0.4563316274067373,0.34291230231772535,0.0028721963642228134
117,2021-04-28 14:30:00.000,3.6501484511897986,-0.8842732463155069,-3.287370268464716,0.0011848412816123407,148.744,0.044,0.4530188703519296,0.4107883517272781,0.0030903844538453006
118,2021-04-28 14:40:00.000,2.639118440793098,-0.6240949494674072,-2.236731644559168,0.00028888680918437367,143.878,0.016,0.4833442732924669,0.490173823361907,0.0036724920190034905
119,2021-04-28 14:50:00.000,4.543250550702914,-0.8764307447220375,-4.346056712122744,0.0007530722868624763,147.965,0.017,0.26889598436423656,0.20707449740783485,0.0020534883314100656
120,2021-04-28 15:00:00.000,3.3432722907802503,-0.4449964312907555,-3.17601466223045,0.0007914740265446126,150.55,0.015,0.38066986380007656,0.24564407351192594,0.0022366201142786715
121,2021-04-28 15:10:00.000,2.5959130791031813,1.1298748102414955,-2.0904913993432523,0.001033887332582854,184.423,0.03,0.4477029905504063,0.4350232086057474,0.002932977089090942
122,2021-04-28 15:20:00.000,2.022443090406976,-0.7278679909709326,-1.610836543570647,-0.00022202376864985184,137.225,0.0,0.5564463947726584,0.5609102043394808,0.00422869338503412
123,2021-04-28 15:30:00.000,2.519783485967228,0.6090177637868449,-2.242295199987714,0.000746303508089449,172.281,0.028,0.5065861343024379,0.40902515896866715,0.0033137191430712997
124,2021-04-28 15:40:00.000,3.6446840377166865,1.6247108558002652,-2.9995523466908534,0.0021470798652187435,187.16,0.054,0.3721276974262701,0.35427361425464676,0.002979996051198024
125,2021-04-28 15:50:00.000,3.9837138255188353,0.22862487186017416,-3.5720422706085913,0.0011166372024346341,161.546,0.034,0.47465354966392254,0.44874126980232193,0.0029613936197307685
126,2021-04-28 16:00:00.000,4.022197746788785,-1.0153424706396377,-3.8335483344227863,0.0007184953164423194,144.727,0.012,0.21414148684971474,0.1561268078476423,0.0018343295794070486
127,2021-04-28 16:10:00.000,3.609927306355865,-0.0170501811654402,-3.0288171137951285,0.00030035792361219466,159.299,0.005,0.32076726179332654,0.6215623533371638,0.0025629141560590133
128,2021-04-28 16:20:00.000,3.315993435227898,1.427735936335161,-2.848212213917189,0.0007401645177060285,186.389,0.022,0.32126717340213123,0.27784718893604676,0.002730166592240086
129,2021-04-28 16:30:00.000,4.434931767986206,1.6543601514408401,-3.969701399800911,0.0019486345922763752,181.737,0.03,0.25489516428906445,0.2468347546508707,0.0018244491707233395
130,2021-04-28 16:40:00.000,4.3445503570293775,0.6395196244653292,-4.03385108092821,0.0011934366543946244,166.929,0.032,0.377114696961916,0.3053247680884356,0.003061065992903144
131,2021-04-28 16:50:00.000,4.7416481943900495,1.7020427056751521,-4.230537047033843,0.000995921609613887,182.434,0.029,0.36186775268843,0.2585620692822063,0.0027715007458761856
132,2021-04-28 17:00:00.000,5.1612235179647685,2.4936364163684153,-4.3233426837981135,0.0011099214077019781,188.474,0.032,0.3591100131936561,0.2313580031570522,0.002779907395267039
133,2021-04-28 17:10:00.000,5.227157871464938,2.884766461473246,-4.227087674654049,0.0017414125549088362,193.987,0.03,0.25712230119059587,0.20606338909811098,0.002214247631892419
134,2021-04-28 17:20:00.000,4.78612283660837,1.644943360185997,-4.284762146712035,0.0013610293104999744,179.468,0.034,0.35514435176823833,0.25520578921105264,0.0028944349911897813
135,2021-04-28 17:30:00.000,5.23841962509308,1.5215386881465132,-4.894077431610532,0.0015996087107563153,176.214,0.026,0.2487064548979749,0.19170122901896444,0.002060238656917387
136,2021-04-28 17:40:00.000,3.6121940319078156,0.6157314078001997,-3.3315490696246246,0.001198912025502678,168.287,0.033,0.464090876160711,0.2904627264259465,0.0033640323118632287
137,2021-04-28 17:50:00.000,3.0889811339463935,1.2287746472009493,-2.675284352507678,-0.00043015260874886295,183.145,0.014,0.3323239005259745,0.2952022138752658,0.0037496639208969714
138,2021-04-28 18:00:00.000,3.261036907860613,1.502504431015708,-2.6680969763076647,0.0002943833030534757,187.595,0.035,0.4174350354712143,0.31970962010759524,0.0038588173985403197
139,2021-04-28 18:10:00.000,3.458692609399142,1.6591500099714447,-2.875188348561809,0.000730614185907758,189.745,0.032,0.30565528938569086,0.2759154549154247,0.0031639917031037286
140,2021-04-28 18:20:00.000,3.87650787636117,1.6667955477913416,-3.353218076003113,0.00019410468691993338,185.495,0.017,0.30463240384666856,0.2559209068801887,0.0028219508059540545
141,2021-04-28 18:30:00.000,3.23946529137846,1.2101114100622146,-2.80495133016639,0.0008578992790161954,182.607,0.04,0.34029551310725403,0.33078071492206174,0.003862578658484912
142,2021-04-28 18:40:00.000,3.270832211916157,1.340397733340333,-2.8122594410098714,0.001283661175303764,183.69,0.054,0.3605852540228522,0.2999273935799076,0.0037444039759210184
143,2021-04-28 18:50:00.000,3.3513347568040843,1.161651849411017,-2.947187190845109,0.00028455868034573886,178.93,0.031,0.3990388504304047,0.31129512637357726,0.0035351675318404338
144,2021-04-28 19:00:00.000,2.4861644723520975,0.9515008371355737,-2.088307797061172,0.00020805818317064806,183.499,0.053,0.4353058759695829,0.386655036291809,0.004894284825766578
145,2021-04-28 19:10:00.000,2.7332392808577683,1.118331008508363,-2.3230024197862056,-0.0006569472338677653,185.586,0.017,0.3917408432762128,0.32107378767222555,0.004304047970241271
146,2021-04-28 19:20:00.000,1.9863699436908704,0.8181215438015219,-1.660167085111833,0.001159369346137035,186.377,0.063,0.40306685145140825,0.3723402701270277,0.0042356222286991825
147,2021-04-28 19:30:00.000,1.6626746757928246,0.6447297518920406,-1.3981209671606776,0.0007731718208255019,181.591,0.054,0.49132078272474655,0.3480052642982957,0.00398172620407397
148,2021-04-28 19:40:00.000,0.7325024959058131,-0.2377816565543804,-0.5096789671961476,-6.800186173706464e-05,149.262,-0.028,0.7253781480692346,0.8753975943292707,0.009688743574393546
149,2021-04-28 19:50:00.000,0.4581100418265922,-0.16920492122664468,0.04000738829516346,0.0014409795176515538,153.091,0.185,1.9266399208200038,1.8668266130215163,0.019975763469213523
150,2021-04-28 20:00:00.000,1.1147683968708795,-0.12550593943307486,-0.8483655603219508,0.0011257114885686258,153.525,0.103,0.7930478230946757,0.7031662004110448,0.007005424982214918
151,2021-04-28 20:10:00.000,2.0990534467862223,-0.2423733552349952,-1.8855681833529179,0.00017105655319234097,151.234,0.043,0.5349108062334597,0.4334501676971102,0.005095473506079374
152,2021-04-28 20:20:00.000,2.8577327307671094,0.19337385669502954,-2.5796071671046183,-0.0004784921954705379,162.214,0.045,0.5342478045020437,0.4293664836863005,0.005877798689316734
153,2021-04-28 20:30:00.000,3.282076183429065,0.04972112474520128,-3.038991206854721,-0.0008236519237166712,160.034,0.015,0.4185767804746078,0.36137308202199897,0.004763834697751798
154,2021-04-28 20:40:00.000,3.1719442113858882,0.05033259966187218,-2.9198353520542475,-0.00035641316456714483,159.435,0.031,0.4620837665170784,0.3780466601841331,0.0048063185004185915
155,2021-04-28 20:50:00.000,3.3175612196698028,0.655111173520391,-3.04181131877212,0.00010945535755353406,171.614,0.029,0.3808811484510723,0.34427903766248197,0.003583751569361383
156,2021-04-28 21:00:00.000,2.9882315581819356,0.16200726851484543,-2.691329101223342,-0.0005293496012856015,162.365,0.02,0.47295658098898236,0.4326611101704851,0.004904175639580502
157,2021-04-28 21:10:00.000,2.6665256919839746,-0.2958679465578393,-2.4248985795245233,-0.000841106080255203,151.373,-0.006,0.41991284329789824,0.37227860807157076,0.004358242256758789
158,2021-04-28 21:20:00.000,3.1222367132725957,-0.5812338951686313,-2.913183846579263,-0.0005374179216874114,147.299,-0.003,0.3577931383667688,0.2826556840631151,0.0034861352679293974
159,2021-04-28 21:30:00.000,3.3314412961726165,-0.9278910432413752,-3.1093095122175956,0.0007996522814509401,143.098,0.023,0.25519304123027003,0.22854567179249957,0.002611195948561056
160,2021-04-28 21:40:00.000,1.8099037963119442,-1.076532937167078,-1.295971407118055,3.678823523352292e-05,119.3,0.007,0.4367986908153711,0.4522713359255751,0.0033738850325782882
161,2021-04-28 21:50:00.000,0.9638674246787365,-0.6720949333142892,-0.5338913043029582,-0.0004032166123538595,111.462,-0.005,0.4640952795885056,0.4932587091332165,0.005394080050141811
162,2021-04-28 22:00:00.000,0.6347291353242548,-0.3856671679768859,-0.303665106988993,0.00039026720121196736,123.444,0.015,0.6651972813863418,0.8953331384465606,0.010658655620727299
163,2021-04-28 22:10:00.000,1.8778044552506767,-1.2108163041682745,-1.2382645141666,-0.0005701839421208413,111.191,-0.004,0.4321515006065828,0.34025286047469294,0.003546589668430023
164,2021-04-28 22:20:00.000,2.903085373228774,-1.2707915240300336,-2.5334152661212803,0.0003294063177953767,132.731,0.015,0.27346450982825554,0.2293135611202503,0.002659000626322109
165,2021-04-28 22:30:00.000,1.675077451146968,-0.8241223558331016,-1.133872437860081,-0.0005543083630339075,127.853,-0.016,0.5516459003624379,0.6257028677235801,0.005440573756905169
166,2021-04-28 22:40:00.000,1.8889056059729035,0.552594483904051,-1.753615871688883,0.0008999553690137993,177.311,0.036,0.2337187358798687,0.23989430190590508,0.0025932786852871084
167,2021-04-28 22:50:00.000,2.0723907318327734,0.4946306944306919,-1.9405340979462846,0.0008281556292271754,173.418,0.034,0.3242819137604812,0.2601740075470659,0.0028391250045987026
168,2021-04-28 23:00:00.000,1.0836547139579644,-0.14695853965617614,-0.9398858615702544,-0.0006558821020177445,150.66,-0.057,0.5801979570146371,0.514130412919232,0.005278086969462202
169,2021-04-28 23:10:00.000,1.2990242904996119,-0.1424463577611641,-1.1763705875734285,0.00022238307249796603,152.574,0.04,0.4538980962882757,0.4129161142251114,0.0045718014648945616
170,2021-04-28 23:20:00.000,1.24337224517079,-0.05263436655219569,-1.1261851794679636,0.0005233589502240099,159.937,0.048,0.4434869604964013,0.49387431089664985,0.0051025798332165065
171,2021-04-28 23:30:00.000,0.9056002152989109,0.057603665166851815,-0.8209235131536106,-0.0003599009561851315,163.825,0.005,0.494657066643763,0.4371516509498333,0.005128721691034354
172,2021-04-28 23:40:00.000,0.6650095558115516,0.22121555482631827,-0.5024673869143499,0.0002550519834143219,167.559,0.081,0.8762087266953634,0.5026525612651003,0.007057724501644094
173,2021-04-28 23:50:00.000,0.7938139150380722,-0.283899335990196,-0.6417086688850209,-0.000124606908513827,136.762,-0.008,0.47439615483863856,0.45744979175979317,0.0056001008418635305
174,2021-04-29 00:00:00.000,0.6768146768572713,-0.3510548157333448,-0.4750890159640076,8.998216647339585e-05,121.842,0.018,0.5328481029496098,0.40288744460688775,0.005346887134610027
175,2021-04-29 00:10:00.000,0.6302698246325422,-0.320272832783622,-0.456253666606391,0.00027469207610350804,130.025,0.039,0.4318014895645755,0.5178666727084231,0.005085802610330168
176,2021-04-29 00:20:00.000,1.1507451662452906,-0.832703641719294,-0.7589512663120314,-0.0005736287474979344,111.722,-0.032,0.225000586560095,0.22077744487594922,0.0018036697826086768
177,2021-04-29 00:30:00.000,0.8840310562455465,-0.844882636859947,0.0027792568078075937,0.0005208571952598939,70.312,0.035,0.29693753730465156,0.2605460987003671,0.0023457760478489053
178,2021-04-29 00:40:00.000,0.6934570404864083,-0.5954315926244977,0.20374827479485869,0.0007876897181240535,53.422,0.065,0.4175455377794779,0.37032508393871855,0.0034647800169329305
179,2021-04-29 00:50:00.000,1.297876820582873,-1.2610986922622303,0.03982931078441671,0.0009802786612550258,66.033,0.05,0.1848421983187042,0.46115111050152113,0.0015831455330961967
180,2021-04-29 01:00:00.000,2.821849487583488,-2.7694871969056694,-0.5295756514185622,0.0013434592899369418,80.839,0.028,0.04093362680094475,0.05851223527470657,0.0003741640660822043
181,2021-04-29 01:10:00.000,2.422844712889425,-2.360542702974208,-0.5337090734550466,0.0005053912736328021,82.747,0.012,0.04952428480796627,0.08862702281029235,0.0004410612441707578
182,2021-04-29 01:20:00.000,1.9297010061240465,-1.9004623468934787,-0.27103940755952804,0.0006406008276073426,78.187,0.021,0.1010361293630038,0.12097733296227212,0.0008371407292130602
183,2021-04-29 01:30:00.000,2.094024270237651,-2.0818611614704237,-0.12871235706141587,0.0013559142012252643,73.284,0.038,0.07404741605847863,0.08660710210914371,0.0005249451756418007
184,2021-04-29 01:40:00.000,2.335002478916595,-2.306759941510055,0.32252287202799285,0.003100643012909498,62.437,0.075,0.11050639378231798,0.07104133861447025,0.00047281880336441786
185,2021-04-29 01:50:00.000,2.278248718478109,-2.1760272544957355,0.5964709485426777,0.005305931028716112,54.272,0.138,0.10250157277411194,0.15779128864948874,0.0007199218122917506
186,2021-04-29 02:00:00.000,2.5636996085192356,-2.3618571398119435,0.9691002040557519,0.004229427235244169,47.728,0.095,0.11136983588781203,0.10973780988495349,0.0006088473714824796
187,2021-04-29 02:10:00.000,2.5379995382113316,-2.47003915603622,0.569548989786555,0.0038554545509118885,57.12,0.087,0.06768543251831306,0.042518007795510036,0.000561614795275327
188,2021-04-29 02:20:00.000,2.675105156930561,-2.6485874510400667,0.3537026899735746,0.002654790269308171,62.335,0.057,0.04992799830262607,0.08314925504060747,0.00040838359937958363
189,2021-04-29 02:30:00.000,2.1792038199693904,-2.170861427360154,-0.005202691332645436,0.0014940429820945829,70.129,0.039,0.08658033698785852,0.07541631182160403,0.0005423077597696761
190,2021-04-29 02:40:00.000,2.139006770493221,-2.0946956635237393,-0.23528674702078983,0.0016013161946197537,78.444,0.048,0.21415481638921757,0.2631851551986072,0.0010996738027413294
191,2021-04-29 02:50:00.000,1.7139916413470067,-1.476677169232136,-0.7511234910082163,0.0016896846348758105,96.836,0.056,0.2713613186218488,0.19420147290521472,0.002352241242494002
192,2021-04-29 03:00:00.000,1.7539792717509899,-1.6940877913089987,-0.30875677888595776,-0.0005342511447112569,80.692,-0.02,0.192562907227209,0.30761924092872706,0.001573691407345913
193,2021-04-29 03:10:00.000,2.5838870757025756,-2.5307340247523644,0.44693674244504994,0.003079291825608027,59.969,0.069,0.10209333014522795,0.1074723649601859,0.0009440142295502796
194,2021-04-29 03:20:00.000,2.818312845141021,-2.7854158433067613,0.28510540601473144,0.002333607099267164,64.136,0.05,0.11820913990944869,0.13004738289827855,0.0010383453753827672
195,2021-04-29 03:30:00.000,2.7361938856727237,-2.6649344212096477,0.5290813445424231,0.0027035350208354314,58.617,0.058,0.10989676754699082,0.13299349868967067,0.0010705367501533333
196,2021-04-29 03:40:00.000,3.1919442351798923,-3.1215999377105645,0.5742455956984246,0.0036806640888842525,59.214,0.067,0.08544221490847125,0.14423014643963064,0.0007583230937050414
197,2021-04-29 03:50:00.000,3.1997459646118136,-3.1737059768065907,0.1958362076520873,0.0022487818119479013,66.421,0.041,0.11197992055385152,0.11905694512217113,0.0008469738043326754
198,2021-04-29 04:00:00.000,2.8905682471427543,-2.833399547950884,0.3409200166103852,0.0024923005321911456,63.226,0.051,0.17073019236634182,0.16379317383211725,0.0012022919034765749
199,2021-04-29 04:10:00.000,3.217036903314243,-3.151844855567677,0.5102757893084372,0.003541582876570184,60.66,0.066,0.11860852479010482,0.14252626309489572,0.0009895468906436892
200,2021-04-29 04:20:00.000,3.334885362065837,-3.305962705343711,-0.0326781952843741,0.0028493281533139288,70.478,0.053,0.13590582274605842,0.19202743345798273,0.0010953655128157146
201,2021-04-29 04:30:00.000,3.6801755142227788,-3.6235350561498576,0.30744350257236663,0.0035883245733975095,65.618,0.061,0.18370133943185418,0.19592704448497078,0.0013292993384009734
202,2021-04-29 04:40:00.000,4.452246946658705,-4.312429738721301,0.9009679163204158,0.00694812754382725,58.248,0.095,0.13868432241905704,0.16827765624956273,0.0009903486503495585
203,2021-04-29 04:50:00.000,4.105174022106821,-3.995015638840603,0.7583468208310901,0.006208159086375377,59.427,0.089,0.14326563390250446,0.14123356312008448,0.0012120760431339305
204,2021-04-29 05:00:00.000,4.65238619487179,-4.456973277970965,1.2423354193997136,0.007561179627986515,54.361,0.095,0.11868104125454008,0.14410304354647532,0.0010058172238786014
205,2021-04-29 05:10:00.000,4.87062841549675,-4.613842822822962,1.4726178644342443,0.008930022097225505,52.264,0.107,0.1163024267572804,0.12397358749525557,0.0010259329104900976
206,2021-04-29 05:20:00.000,5.953740369857369,-5.708118068798828,1.6419635318504349,0.012506185696899388,54.012,0.121,0.08213450438524111,0.07650067431117161,0.000795148303273331
207,2021-04-29 05:30:00.000,5.902882313162574,-5.623852862539872,1.6920442289822812,0.01288866584643023,53.403,0.131,0.1310408978115184,0.13528122599218775,0.0009960706720836922
208,2021-04-29 05:40:00.000,5.401653606199945,-5.178094280139697,1.4562902780704656,0.01006116661635203,54.306,0.108,0.09865767776605727,0.10097589755504065,0.0009370712504873348
209,2021-04-29 05:50:00.000,5.233226330427933,-5.069739644077743,1.1571351630465896,0.007954561870681054,57.073,0.09,0.11367772197351186,0.12938401586277817,0.0011095543754252619
210,2021-04-29 06:00:00.000,5.251214148014132,-5.160145135683892,0.7308714124157554,0.005532038751194562,61.743,0.062,0.11845369448667525,0.15751960380618807,0.0009765559192726616
211,2021-04-29 06:10:00.000,5.336200158336998,-5.2153220028447205,0.664383858805951,0.005387430956119091,62.295,0.065,0.15438263033251493,0.23512148158291085,0.0012602613404650487
212,2021-04-29 06:20:00.000,5.270651307230791,-5.144444355659943,0.6422234574624668,0.006435837961213106,63.884,0.073,0.22433422490772947,0.19788383758260028,0.0013278454733628678
213,2021-04-29 06:30:00.000,5.2325810944881965,-5.08790339464179,0.06299440624654794,0.004604792643557345,70.353,0.057,0.26944950308840465,0.25445310424047723,0.0016397569110360836
214,2021-04-29 06:40:00.000,3.7224797146622985,-3.5561386918004,0.08907314514721588,0.005906183820972509,70.277,0.105,0.3357179072469405,0.2684924673867949,0.002004801408840541
215,2021-04-29 06:50:00.000,4.623350512070589,-4.395046863174469,1.0524958023658884,0.005508658786185216,56.751,0.07,0.21772344177696742,0.20563793556098,0.0015840965782412811
216,2021-04-29 07:00:00.000,5.245695694844603,-4.928282147422454,1.423305609303525,0.009526476818418521,55.078,0.108,0.23682873532054188,0.1770272380031387,0.0015015375766026747
217,2021-04-29 07:10:00.000,5.296516549018611,-4.917152303973268,1.7352033814446548,0.009264241360604919,51.458,0.104,0.2135708307011488,0.15126459619369145,0.001236672389054264
218,2021-04-29 07:20:00.000,6.830848522386152,-6.303040972320743,2.4923603985398084,0.01168020182230268,48.786,0.097,0.151771952009002,0.11049161484152768,0.0011459384663312644
219,2021-04-29 07:30:00.000,6.973017107454257,-6.330730196136441,2.7981065471417192,0.012051944525846155,46.622,0.098,0.1572565619719935,0.09974551998458817,0.0010906625289631806
220,2021-04-29 07:40:00.000,6.788089234068956,-6.291758855768526,2.3878758616997913,0.012626030059923975,49.374,0.109,0.13826356610948592,0.12412263016907461,0.0010173688415122807
221,2021-04-29 07:50:00.000,6.445025659163731,-6.129438547344416,1.5381688295935168,0.010088670822866677,56.334,0.096,0.21213613905226178,0.19044772411363867,0.001420925138957337
222,2021-04-29 08:00:00.000,7.203057922220165,-6.925980639697801,1.5244350567895013,0.009418346609450763,58.035,0.079,0.194400398512449,0.19229926660241872,0.0012046337022677098
223,2021-04-29 08:10:00.000,7.3942322282086375,-7.131783438820639,1.2762713093410867,0.009044673309638504,60.484,0.079,0.21438302327361836,0.18984634294996924,0.0013987308003565666
224,2021-04-29 08:20:00.000,8.195089161739817,-7.8721224071769145,1.9449995794297679,0.011734349363813783,56.58,0.085,0.16806879821835996,0.13685922202230477,0.0012162578946291083
225,2021-04-29 08:30:00.000,8.229843185892383,-7.856365583782269,2.0375684148762674,0.010930298736121707,55.323,0.079,0.1588236462016109,0.16351986386450634,0.0011188755468442481
226,2021-04-29 08:40:00.000,8.06984763866347,-7.755603180246426,1.8086856818109924,0.011459643257440831,57.42,0.085,0.18363325580250314,0.1556140458483182,0.0012557957594493947
227,2021-04-29 08:50:00.000,6.813274337666979,-6.473924996100051,1.697915796138003,0.009935135708132065,56.253,0.084,0.21610600785852557,0.14873237291225275,0.0013627419327570318
228,2021-04-29 09:00:00.000,8.387311057165748,-7.7531765366785805,3.0832423646652525,0.012824188032158764,48.511,0.087,0.13070090768329293,0.10589466832251035,0.0009206505980078883
229,2021-04-29 09:10:00.000,8.330987769157108,-7.777858945456204,2.8274996587885526,0.012122872221064394,50.213,0.083,0.12982209262965017,0.10314767642231386,0.0010319784458030575
230,2021-04-29 09:20:00.000,6.8826623650268886,-6.455691537289408,2.206806203123365,0.010775995996587701,51.443,0.089,0.1502886231827079,0.10657962177923974,0.0010653422229262885
231,2021-04-29 09:30:00.000,7.665343734662296,-6.903231127749923,3.2544604121937075,0.014214331715074776,44.782,0.106,0.09920907533357254,0.09470488951583891,0.0009323466082519986
232,2021-04-29 09:40:00.000,7.017501145435639,-6.271639710931289,2.919915323342618,0.012411862730161772,45.333,0.101,0.17762759612034248,0.1316019351915423,0.0012213292980197035
233,2021-04-29 09:50:00.000,7.166880257153216,-6.566895134317876,2.7319468284012527,0.012000343631856435,47.724,0.093,0.15378445439468066,0.11599352674215083,0.0011716221858356546
234,2021-04-29 10:00:00.000,7.616203603901562,-7.062391785444516,2.618505041472974,0.014321387541359816,50.167,0.108,0.1729370189482015,0.11479485856171094,0.001153054586020992
235,2021-04-29 10:10:00.000,8.756429146892557,-7.975445752715136,3.4163286036516896,0.014227606759482602,47.065,0.091,0.1553630634110902,0.1263242784032673,0.0011797911712475332
236,2021-04-29 10:20:00.000,9.789022160330237,-8.678292055477309,4.394872509046256,0.016158489341287958,43.257,0.095,0.1197023258369162,0.10440850442202687,0.0008559844774433744
237,2021-04-29 10:30:00.000,9.343534683378069,-8.462431475170876,3.7948999330529003,0.014861730353747613,46.016,0.092,0.13221482033073134,0.10748908147177526,0.0010055934069191624
238,2021-04-29 10:40:00.000,10.291612225014532,-9.335795082605554,4.152286419992429,0.01635712729686621,46.099,0.092,0.11998763809379631,0.10498346020618007,0.0009798803742713696
239,2021-04-29 10:50:00.000,9.90773010351395,-8.976085428088314,4.013124242469107,0.014003491309446644,45.94,0.081,0.12261805397926992,0.11653991534698867,0.0009627790218115125
240,2021-04-29 11:00:00.000,9.11309435296396,-8.312831789141335,3.5100091417703463,0.01725210685114743,47.582,0.112,0.1731092475858206,0.12355669945282942,0.0012650006872510235
241,2021-04-29 11:10:00.000,9.308673994309334,-8.576183650932597,3.305252409344091,0.014520850315377285,49.243,0.089,0.1724834176815417,0.12800296521122656,0.0012458188303675487
242,2021-04-29 11:20:00.000,10.243482459537264,-9.431673724309917,3.806861992103553,0.0142845324721488,48.166,0.079,0.12970152622806747,0.1092845879954212,0.0009725887974523012
243,2021-04-29 11:30:00.000,9.70820097583925,-8.97768876134212,3.5030496236077484,0.014981299522478073,48.791,0.091,0.12997920698678717,0.12043537680780671,0.0011350858920841677
244,2021-04-29 11:40:00.000,9.828903911143055,-9.094473149874844,3.437377119840167,0.01312859631943004,49.926,0.08,0.17853769156867877,0.12921138783212066,0.0010579539470372732
245,2021-04-29 11:50:00.000,9.665881461089445,-8.904504305838701,3.520462041383067,0.014260630013765683,48.684,0.088,0.16105691654872575,0.1468502396727351,0.001032301547871039
246,2021-04-29 12:00:00.000,10.418585396014766,-9.484374084994059,4.042859444394408,0.016104829203350476,47.335,0.09,0.16697622353372005,0.13177240991038874,0.0011629830858190051
247,2021-04-29 12:10:00.000,10.790773837067587,-10.036923255311022,3.7406629809008725,0.014611442217856407,49.682,0.077,0.12887873809669295,0.11587519198133091,0.0010812463661289762
248,2021-04-29 12:20:00.000,9.610739107784882,-8.947581787419129,2.9995423986627308,0.012749476223582405,52.56,0.08,0.2285283138672964,0.15909243370020634,0.0014396029682871914
249,2021-04-29 12:30:00.000,9.8978029945462,-9.325914632969136,2.880502591996804,0.014585338459151677,53.712,0.089,0.21857906709310818,0.1820624644619478,0.001254571736888799
250,2021-04-29 12:40:00.000,10.869972026009275,-9.992604385785802,3.992336874923009,0.01749100215828347,48.504,0.095,0.16559507802668502,0.1394506266673449,0.0012276307257737724
251,2021-04-29 12:50:00.000,9.883962524795058,-9.304344181811123,2.6785783021038285,0.012062788548119869,54.978,0.074,0.23981888827746056,0.17315653586898375,0.0015165173770394003
252,2021-04-29 13:00:00.000,11.05646293730039,-10.343384483448766,3.1908472578820257,0.01327447014206075,54.454,0.073,0.23887406158937136,0.17763684032631208,0.0013931628418029085
253,2021-04-29 13:10:00.000,12.074515139761886,-11.281577444264771,3.8723405158152486,0.01542614330477983,51.528,0.073,0.1691156649576612,0.12364139009288352,0.0012004481216499109
254,2021-04-29 13:20:00.000,11.95910512776765,-11.176778621046706,3.9263756569052397,0.018361213026920467,50.801,0.09,0.15168593027242913,0.1417681062323804,0.00117056284817215
255,2021-04-29 13:30:00.000,12.012917384059877,-11.235987762813474,3.8209185317059773,0.015296977851856786,51.464,0.073,0.16689324841664718,0.15191885576639258,0.0013006766282176636
256,2021-04-29 13:40:00.000,10.870711194099803,-10.171242780687047,3.3624167853102547,0.014459676161464626,52.004,0.081,0.1959141311603822,0.18390230200065733,0.0012882544669464457
257,2021-04-29 13:50:00.000,11.164093666749277,-10.464828499681657,3.5119200151105057,0.013478764867296877,51.665,0.073,0.162876891549405,0.15546716256968907,0.001257772922511518
258,2021-04-29 14:00:00.000,11.375291619662784,-10.684172812767345,3.094812701325458,0.016777550283726222,55.157,0.091,0.24890240253360207,0.19281681524754454,0.001418754952743228
259,2021-04-29 14:10:00.000,11.690051907593,-11.197916999286532,2.5813162362359012,0.014386531239807591,57.344,0.077,0.19862303008768353,0.20136369753812491,0.0012977465677440775
260,2021-04-29 14:20:00.000,11.848411686907282,-11.300750156082689,2.81750630464514,0.015405887421903281,55.935,0.08,0.17859561845155164,0.2012029881399133,0.0013606918007833307
261,2021-04-29 14:30:00.000,10.878637486339215,-10.31068119895884,2.570801653818044,0.014512497634517844,57.118,0.087,0.24038470073974075,0.21640897872434198,0.0014763091149093994
262,2021-04-29 14:40:00.000,10.397176581148042,-9.622419618451586,3.201813152762106,0.015676356882496488,52.91,0.095,0.2593359968507256,0.1831704153516157,0.001576398524818039
263,2021-04-29 14:50:00.000,11.302695254809043,-10.549420826664674,3.4631816728381875,0.016525438165751794,52.892,0.087,0.22424714337802892,0.17273853684544807,0.0013835969952907584
264,2021-04-29 15:00:00.000,10.43407604251448,-9.921979425018709,2.550618613044894,0.011644565042377573,56.045,0.068,0.19950502586485416,0.17943208530512003,0.0015787909627852776
265,2021-04-29 15:10:00.000,11.413613842561512,-10.650438110810054,3.26683965279831,0.016350503432443875,54.215,0.085,0.2531368922103518,0.18508047629688265,0.0015625354817835177
266,2021-04-29 15:20:00.000,10.587306525241466,-10.060151977165757,2.4467395413609414,0.01138002323183691,56.555,0.064,0.20759842758511393,0.17115425879496557,0.0014930767965714064
267,2021-04-29 15:30:00.000,10.55290512414401,-9.97708078478386,2.7175816281409966,0.011909373625613742,55.763,0.068,0.22803312083443825,0.17644460093702033,0.0014802252290606512
268,2021-04-29 15:40:01.000,11.277486360137196,-10.640949456356902,3.2549652519804178,0.011917440159858312,53.629,0.061,0.1936676762424023,0.15771779260399071,0.0013151023253908953
269,2021-04-29 15:50:00.000,10.679246353645778,-10.050786379193362,3.092845472335881,0.011655786614187497,53.705,0.069,0.21132716081844963,0.16998803927351427,0.0014052146301979237
270,2021-04-29 16:00:00.000,10.62791123566925,-9.991778125257502,3.0946583812794812,0.013647927762391807,53.672,0.076,0.21645818531181174,0.17942365056476794,0.0012802503651389429
271,2021-04-29 16:10:00.000,10.54915855790402,-9.94953975943433,3.0939723617945667,0.013289826092353962,53.217,0.073,0.18180591201632124,0.14623559126267402,0.0012989210221361197
272,2021-04-29 16:20:00.000,9.55723821343852,-8.952548685018131,3.1024533154836345,0.01553028696153671,51.256,0.093,0.17011330213494272,0.1408809472046408,0.0011874828899770232
273,2021-04-29 16:30:00.000,7.70252446327843,-7.205246669399971,2.5239109105183077,0.013354614628157886,50.923,0.101,0.1495667981196015,0.13077222503263974,0.001187919080577047
274,2021-04-29 16:40:00.000,7.38297135825413,-6.9170599364621586,1.8290919532525736,0.013821244526465739,56.436,0.11,0.2724573152307446,0.17935949583227184,0.001559813704285286
275,2021-04-29 16:50:00.000,5.7330322819082635,-5.356377062285818,0.9496232416674214,0.009801118008089022,62.924,0.1,0.3711170787291009,0.21658651797406447,0.0018201115848581865
276,2021-04-29 17:00:00.000,6.209080473900282,-5.847768581742286,1.3751402017446681,0.011126356137854716,58.484,0.107,0.2843981424443997,0.16844552293224557,0.00173840421606084
277,2021-04-29 17:10:00.000,7.536514858165065,-6.987807870825058,2.3995773815687684,0.015199519414922731,52.153,0.116,0.21164022640156424,0.1225219727016512,0.0012390934102426705
278,2021-04-29 17:20:00.000,7.630700190403259,-7.072618252153889,2.5565991700908666,0.015532783006897593,51.029,0.118,0.20068784744494328,0.13526794647740895,0.0011989007535258842
279,2021-04-29 17:30:00.000,7.598265871731971,-7.125844705333407,2.320004810661097,0.01383009916969716,52.71,0.104,0.1885050917769007,0.13939979590796123,0.0012630249286814878
280,2021-04-29 17:40:00.000,5.8122287822394965,-5.521096251416264,0.7167064346149242,0.007587735656039221,65.146,0.074,0.34321283128733465,0.21806231066194867,0.0017245914919997616
281,2021-04-29 17:50:00.000,5.287593068919497,-4.998033845535914,0.261272383447473,0.007406453051471874,69.296,0.089,0.3714195251618749,0.22633126055272332,0.002015707083574218
282,2021-04-29 18:00:00.000,7.332337145751759,-6.916885060308605,2.3228485736148823,0.011256645801627807,51.655,0.085,0.12228914818792486,0.09237120536054998,0.0009976193443273769
283,2021-04-29 18:10:00.000,7.906777236324576,-7.407237856654862,2.6779849648674743,0.012598710798909951,50.163,0.091,0.09906818055308725,0.09418313747218932,0.0008873421581908027
284,2021-04-29 18:20:00.000,7.255940156502879,-6.852797986017447,2.3248844918672074,0.010916090480625392,51.307,0.086,0.09138957727185533,0.09022130988271239,0.0007169444335948537
285,2021-04-29 18:30:00.000,6.3623153558885095,-5.960173449443935,2.157558387524338,0.010543511773065523,50.155,0.095,0.10106759702326534,0.09662631575841486,0.0007414045605767218
286,2021-04-29 18:40:00.000,5.397245718246871,-5.159566515640311,1.278974454350651,0.007219866011457998,56.158,0.077,0.16946762011884942,0.14201719527830003,0.001054799006726669
287,2021-04-29 18:50:00.000,4.58791850228073,-4.4635853033468,0.5175451327133561,0.004514653221511486,63.11,0.06,0.19389219129003607,0.18241526850610698,0.0013827851985367616
